{
  "sss": {
    "mean": 33.70791041371192,
    "std": 1.6446627906790778,
    "count": 430350558
  },
  "sst": {
    "mean": 24.94666573716368,
    "std": 7.359854656053655,
    "count": 430350558
  },
  "bg_t_3d": {
    "mean": 20.531482164559517,
    "std": 8.889225437528772,
    "count": 7865293768
  },
  "bg_s_3d": {
    "mean": 34.20131811251591,
    "std": 0.9835341015617814,
    "count": 7865293772
  },
  "label_t_3d": {
    "mean": 20.532523363155835,
    "std": 8.888490445566413,
    "count": 7865293768
  },
  "label_s_3d": {
    "mean": 34.20104693415565,
    "std": 0.9837831664843656,
    "count": 7865293772
  }
}