{
  "sss": {
    "mean": 34.04918033007094,
    "std": 0.8332892478168601,
    "count": 5497506
  },
  "sst": {
    "mean": 25.148971194152207,
    "std": 7.383989492313831,
    "count": 5398512
  },
  "sla": {
    "mean": 0.11846367313129806,
    "std": 0.13729786951993095,
    "count": 5619810
  },
  "bg_t_3d": {
    "mean": 20.39786705834885,
    "std": 9.08655173698703,
    "count": 99252594
  },
  "bg_s_3d": {
    "mean": 34.25260878439399,
    "std": 0.8905972520703788,
    "count": 99252594
  },
  "label_t_3d": {
    "mean": 20.55487952051419,
    "std": 9.063749977573002,
    "count": 99252594
  },
  "label_s_3d": {
    "mean": 34.24388369084971,
    "std": 0.8994606419770289,
    "count": 99252594
  }
}